{"loss": [2.7812817096710205, 1.225229024887085, 0.7998318672180176, 0.6965522766113281, 0.6368464231491089, 0.5972399115562439, 0.5720762014389038, 0.5536138415336609, 0.5402715802192688, 0.5288516879081726, 0.5217041373252869, 0.5159075260162354, 0.5104508399963379, 0.5065762996673584, 0.5023816823959351, 0.49938350915908813, 0.4967441260814667, 0.4939490258693695, 0.49199989438056946, 0.49007514119148254, 0.48784950375556946, 0.48672640323638916, 0.4859366714954376, 0.4847230911254883, 0.48331665992736816, 0.4822373390197754, 0.481768935918808, 0.4809988737106323, 0.4801996052265167, 0.4789876341819763, 0.4788835048675537, 0.47826865315437317, 0.47777846455574036, 0.47673580050468445, 0.47649696469306946, 0.4761383831501007, 0.47583258152008057, 0.4753762185573578, 0.4754409193992615, 0.4750426411628723, 0.47458726167678833, 0.47442910075187683, 0.4743141531944275, 0.47406741976737976, 0.4737105369567871, 0.47324156761169434, 0.4736509621143341, 0.4731349050998688, 0.47333183884620667, 0.4729554057121277], "mse": [9.356428146362305, 2.2856695652008057, 1.0740495920181274, 0.863727331161499, 0.7040389776229858, 0.6035196185112, 0.5408939719200134, 0.4980466365814209, 0.4705887734889984, 0.4488368034362793, 0.43408623337745667, 0.4235343635082245, 0.4143601953983307, 0.4078153669834137, 0.4003303349018097, 0.3970750570297241, 0.3918202519416809, 0.38658130168914795, 0.3842865824699402, 0.3814733922481537, 0.3775947093963623, 0.3776264786720276, 0.37548768520355225, 0.3737373948097229, 0.3715973198413849, 0.3697945177555084, 0.36908653378486633, 0.36806386709213257, 0.367087185382843, 0.3656231462955475, 0.3650839626789093, 0.364014208316803, 0.363355427980423, 0.36279329657554626, 0.36200857162475586, 0.36147668957710266, 0.3612043261528015, 0.3602016866207123, 0.36101579666137695, 0.35977646708488464, 0.359394907951355, 0.35954979062080383, 0.3595955967903137, 0.358828067779541, 0.3584515154361725, 0.3576258420944214, 0.35779327154159546, 0.35799098014831543, 0.3580814301967621, 0.35668885707855225], "val_loss": [2.0486419200897217, 0.8825560808181763, 0.7542426586151123, 0.688335657119751, 0.6463263034820557, 0.6214441061019897, 0.6042122840881348, 0.5938236713409424, 0.578376293182373, 0.5710566639900208, 0.562229335308075, 0.5585129261016846, 0.550769567489624, 0.5488687753677368, 0.5469377040863037, 0.5423141717910767, 0.5393029451370239, 0.5401658415794373, 0.5374636054039001, 0.5362722873687744, 0.5376670360565186, 0.5335350632667542, 0.5327802896499634, 0.5324161648750305, 0.5317035913467407, 0.5312629342079163, 0.5300734639167786, 0.529315710067749, 0.5329777002334595, 0.5315607190132141, 0.5301362872123718, 0.5301057696342468, 0.5277773141860962, 0.529674232006073, 0.5302302837371826, 0.5335884094238281, 0.5290851593017578, 0.5287296175956726, 0.5290289521217346, 0.5293605923652649, 0.5267043113708496, 0.5278072357177734, 0.5308022499084473, 0.5284246206283569, 0.528257429599762, 0.5295461416244507, 0.5283616781234741, 0.5296627879142761, 0.5290026664733887, 0.5324330925941467], "val_mse": [5.426826000213623, 1.1287164688110352, 0.9214504957199097, 0.7636669278144836, 0.6638367176055908, 0.6025514006614685, 0.5656436085700989, 0.5316910147666931, 0.5103761553764343, 0.4984933137893677, 0.48296070098876953, 0.47826749086380005, 0.466777503490448, 0.4635349214076996, 0.45800238847732544, 0.4531039297580719, 0.45005226135253906, 0.44887882471084595, 0.44832417368888855, 0.44457513093948364, 0.4468837082386017, 0.44189366698265076, 0.440917044878006, 0.4401543140411377, 0.4419834017753601, 0.44509974122047424, 0.44025927782058716, 0.4364754557609558, 0.4370982050895691, 0.43547970056533813, 0.4361989498138428, 0.43766337633132935, 0.4345625936985016, 0.434624582529068, 0.43384525179862976, 0.4393734633922577, 0.4336937963962555, 0.43248724937438965, 0.4352838099002838, 0.435055136680603, 0.43258389830589294, 0.43674156069755554, 0.4330812096595764, 0.4317012131214142, 0.43995770812034607, 0.43622249364852905, 0.4346179664134979, 0.43673011660575867, 0.43067389726638794, 0.4321115016937256]}