{"loss": [1.037883996963501, 0.4182901382446289, 0.388608455657959, 0.3829299211502075, 0.37876710295677185, 0.3728036880493164, 0.3676708936691284, 0.36966800689697266, 0.3737757205963135, 0.36960938572883606, 0.3705650866031647, 0.36576011776924133, 0.36448413133621216, 0.36613911390304565, 0.3643045127391815, 0.3641214370727539, 0.3655138313770294, 0.36559271812438965, 0.36642923951148987, 0.36092260479927063, 0.3625907897949219, 0.36327996850013733, 0.3626483976840973, 0.3589255213737488, 0.3627050817012787, 0.36417528986930847, 0.3605342507362366, 0.3621324598789215, 0.35969290137290955, 0.35990405082702637, 0.36466190218925476, 0.3600657880306244, 0.36411717534065247, 0.36168280243873596, 0.3618299067020416, 0.36427611112594604, 0.3591664433479309, 0.35892918705940247, 0.36205583810806274, 0.3601572811603546, 0.35952192544937134, 0.35916948318481445, 0.35992634296417236, 0.36086735129356384, 0.3592025637626648, 0.35784900188446045, 0.3597257733345032, 0.36001110076904297, 0.3598959743976593, 0.357490211725235], "mse": [1.037883996963501, 0.4182901382446289, 0.388608455657959, 0.3829299211502075, 0.37876710295677185, 0.3728036880493164, 0.3676708936691284, 0.36966800689697266, 0.3737757205963135, 0.36960938572883606, 0.3705650866031647, 0.36576011776924133, 0.36448413133621216, 0.36613911390304565, 0.3643045127391815, 0.3641214370727539, 0.3655138313770294, 0.36559271812438965, 0.36642923951148987, 0.36092260479927063, 0.3625907897949219, 0.36327996850013733, 0.3626483976840973, 0.3589255213737488, 0.3627050817012787, 0.36417528986930847, 0.3605342507362366, 0.3621324598789215, 0.35969290137290955, 0.35990405082702637, 0.36466190218925476, 0.3600657880306244, 0.36411717534065247, 0.36168280243873596, 0.3618299067020416, 0.36427611112594604, 0.3591664433479309, 0.35892918705940247, 0.36205583810806274, 0.3601572811603546, 0.35952192544937134, 0.35916948318481445, 0.35992634296417236, 0.36086735129356384, 0.3592025637626648, 0.35784900188446045, 0.3597257733345032, 0.36001110076904297, 0.3598959743976593, 0.357490211725235], "val_loss": [0.5854846835136414, 0.6472985148429871, 0.47912511229515076, 0.5503659248352051, 0.4474281966686249, 0.4602852761745453, 0.4414188265800476, 0.6099839210510254, 0.44585490226745605, 0.4335533380508423, 0.6590383052825928, 0.43080830574035645, 0.4533948004245758, 0.4635377824306488, 0.45013922452926636, 0.4456326365470886, 0.44256672263145447, 0.5403665900230408, 0.48626571893692017, 0.6177460551261902, 0.4298684000968933, 0.4301598370075226, 0.42461636662483215, 0.43911874294281006, 0.45350849628448486, 0.435403972864151, 0.45252951979637146, 0.42810356616973877, 0.4373900294303894, 0.4429059624671936, 0.4393768012523651, 0.4444023370742798, 0.42831259965896606, 0.46862292289733887, 0.45092880725860596, 0.6378580331802368, 0.4344657063484192, 0.48489969968795776, 0.4238777160644531, 0.4532640874385834, 0.4280783534049988, 0.4252239465713501, 0.4561319053173065, 0.4500739276409149, 0.4430153965950012, 0.435735285282135, 0.4909302890300751, 0.45467036962509155, 0.4263290762901306, 0.4579731822013855], "val_mse": [0.5854846835136414, 0.6472985148429871, 0.47912511229515076, 0.5503659248352051, 0.4474281966686249, 0.4602852761745453, 0.4414188265800476, 0.6099839210510254, 0.44585490226745605, 0.4335533380508423, 0.6590383052825928, 0.43080830574035645, 0.4533948004245758, 0.4635377824306488, 0.45013922452926636, 0.4456326365470886, 0.44256672263145447, 0.5403665900230408, 0.48626571893692017, 0.6177460551261902, 0.4298684000968933, 0.4301598370075226, 0.42461636662483215, 0.43911874294281006, 0.45350849628448486, 0.435403972864151, 0.45252951979637146, 0.42810356616973877, 0.4373900294303894, 0.4429059624671936, 0.4393768012523651, 0.4444023370742798, 0.42831259965896606, 0.46862292289733887, 0.45092880725860596, 0.6378580331802368, 0.4344657063484192, 0.48489969968795776, 0.4238777160644531, 0.4532640874385834, 0.4280783534049988, 0.4252239465713501, 0.4561319053173065, 0.4500739276409149, 0.4430153965950012, 0.435735285282135, 0.4909302890300751, 0.45467036962509155, 0.4263290762901306, 0.4579731822013855]}