{"loss": [4.439720153808594, 1.0757890939712524, 0.6357006430625916, 0.4926459491252899, 0.4478077292442322, 0.4246613681316376, 0.4093352258205414, 0.3990592658519745, 0.39145857095718384, 0.38554418087005615, 0.3805210590362549, 0.37733033299446106, 0.37356695532798767, 0.37096354365348816, 0.3694636821746826, 0.36707791686058044, 0.3658774197101593, 0.3648903965950012, 0.36336085200309753, 0.36236175894737244, 0.3612668812274933, 0.3602694571018219, 0.3607568144798279, 0.35941118001937866, 0.3585502505302429, 0.3582872450351715, 0.35783955454826355, 0.35780295729637146, 0.356955349445343, 0.35729044675827026, 0.3565694987773895, 0.35640567541122437, 0.356220006942749, 0.35643187165260315, 0.35569527745246887, 0.35556668043136597, 0.3557450771331787, 0.3555665910243988, 0.3553675413131714, 0.35513561964035034, 0.35544708371162415, 0.3552948832511902, 0.3549598157405853, 0.3548415005207062, 0.35460638999938965, 0.3550333082675934, 0.3547976315021515, 0.35426458716392517, 0.3544136583805084, 0.3542805314064026], "mse": [4.439720153808594, 1.0757890939712524, 0.6357006430625916, 0.4926459491252899, 0.4478077292442322, 0.4246613681316376, 0.4093352258205414, 0.3990592658519745, 0.39145857095718384, 0.38554418087005615, 0.3805210590362549, 0.37733033299446106, 0.37356695532798767, 0.37096354365348816, 0.3694636821746826, 0.36707791686058044, 0.3658774197101593, 0.3648903965950012, 0.36336085200309753, 0.36236175894737244, 0.3612668812274933, 0.3602694571018219, 0.3607568144798279, 0.35941118001937866, 0.3585502505302429, 0.3582872450351715, 0.35783955454826355, 0.35780295729637146, 0.356955349445343, 0.35729044675827026, 0.3565694987773895, 0.35640567541122437, 0.356220006942749, 0.35643187165260315, 0.35569527745246887, 0.35556668043136597, 0.3557450771331787, 0.3555665910243988, 0.3553675413131714, 0.35513561964035034, 0.35544708371162415, 0.3552948832511902, 0.3549598157405853, 0.3548415005207062, 0.35460638999938965, 0.3550333082675934, 0.3547976315021515, 0.35426458716392517, 0.3544136583805084, 0.3542805314064026], "val_loss": [1.3705593347549438, 0.7959908246994019, 0.5778221487998962, 0.5340606570243835, 0.49362316727638245, 0.47778597474098206, 0.4665985107421875, 0.4598091244697571, 0.4570368528366089, 0.4498096704483032, 0.45699065923690796, 0.45059317350387573, 0.4435722231864929, 0.4423538148403168, 0.44197410345077515, 0.4414222240447998, 0.4443698823451996, 0.4374222457408905, 0.43661415576934814, 0.43680572509765625, 0.44081783294677734, 0.4377906322479248, 0.4350317120552063, 0.43645602464675903, 0.4378387928009033, 0.4345693290233612, 0.4339318573474884, 0.43780091404914856, 0.4341256320476532, 0.43257662653923035, 0.4359647333621979, 0.43498897552490234, 0.431497722864151, 0.4330119788646698, 0.4461955726146698, 0.4314662516117096, 0.4307273030281067, 0.4338945746421814, 0.4340057373046875, 0.4336804449558258, 0.43070101737976074, 0.4320944547653198, 0.4341742694377899, 0.4347080588340759, 0.4304693639278412, 0.43144771456718445, 0.440083384513855, 0.4404667913913727, 0.433391809463501, 0.43187233805656433], "val_mse": [1.3705593347549438, 0.7959908246994019, 0.5778221487998962, 0.5340606570243835, 0.49362316727638245, 0.47778597474098206, 0.4665985107421875, 0.4598091244697571, 0.4570368528366089, 0.4498096704483032, 0.45699065923690796, 0.45059317350387573, 0.4435722231864929, 0.4423538148403168, 0.44197410345077515, 0.4414222240447998, 0.4443698823451996, 0.4374222457408905, 0.43661415576934814, 0.43680572509765625, 0.44081783294677734, 0.4377906322479248, 0.4350317120552063, 0.43645602464675903, 0.4378387928009033, 0.4345693290233612, 0.4339318573474884, 0.43780091404914856, 0.4341256320476532, 0.43257662653923035, 0.4359647333621979, 0.43498897552490234, 0.431497722864151, 0.4330119788646698, 0.4461955726146698, 0.4314662516117096, 0.4307273030281067, 0.4338945746421814, 0.4340057373046875, 0.4336804449558258, 0.43070101737976074, 0.4320944547653198, 0.4341742694377899, 0.4347080588340759, 0.4304693639278412, 0.43144771456718445, 0.440083384513855, 0.4404667913913727, 0.433391809463501, 0.43187233805656433]}