{"loss": [3.7358856201171875, 0.8254641890525818, 0.42668530344963074, 0.26470887660980225, 0.2046545147895813, 0.1739071160554886, 0.15490055084228516, 0.14214584231376648, 0.1326623409986496, 0.1256478875875473, 0.11985621601343155, 0.11550165712833405, 0.11198762059211731, 0.10886374861001968, 0.10633096843957901, 0.1041712537407875, 0.10238456726074219, 0.10083434730768204, 0.09938402473926544, 0.09825962036848068, 0.09710682928562164, 0.09626264125108719, 0.09575048089027405, 0.09498550742864609, 0.09461305290460587, 0.09389063715934753, 0.09364135563373566, 0.09311386942863464, 0.09288208186626434, 0.09252538532018661, 0.09214040637016296, 0.09188233315944672, 0.09162978827953339, 0.09142106026411057, 0.09131307899951935, 0.0912863165140152, 0.09096863120794296, 0.09112633764743805, 0.0908362865447998, 0.09070470184087753, 0.09061741083860397, 0.09050953388214111, 0.09055672585964203, 0.09045290946960449, 0.09030216187238693, 0.09024390578269958, 0.09012582898139954, 0.09003710001707077, 0.0899994894862175, 0.09011288732290268], "mse": [3.7358856201171875, 0.8254641890525818, 0.42668530344963074, 0.26470887660980225, 0.2046545147895813, 0.1739071160554886, 0.15490055084228516, 0.14214584231376648, 0.1326623409986496, 0.1256478875875473, 0.11985621601343155, 0.11550165712833405, 0.11198762059211731, 0.10886374861001968, 0.10633096843957901, 0.1041712537407875, 0.10238456726074219, 0.10083434730768204, 0.09938402473926544, 0.09825962036848068, 0.09710682928562164, 0.09626264125108719, 0.09575048089027405, 0.09498550742864609, 0.09461305290460587, 0.09389063715934753, 0.09364135563373566, 0.09311386942863464, 0.09288208186626434, 0.09252538532018661, 0.09214040637016296, 0.09188233315944672, 0.09162978827953339, 0.09142106026411057, 0.09131307899951935, 0.0912863165140152, 0.09096863120794296, 0.09112633764743805, 0.0908362865447998, 0.09070470184087753, 0.09061741083860397, 0.09050953388214111, 0.09055672585964203, 0.09045290946960449, 0.09030216187238693, 0.09024390578269958, 0.09012582898139954, 0.09003710001707077, 0.0899994894862175, 0.09011288732290268], "val_loss": [0.9813265204429626, 0.4844004809856415, 0.2817496359348297, 0.21796615421772003, 0.18271242082118988, 0.16305556893348694, 0.15129387378692627, 0.1420929878950119, 0.1367218941450119, 0.13633185625076294, 0.12892748415470123, 0.12678971886634827, 0.12565049529075623, 0.12354514002799988, 0.12649621069431305, 0.12155082821846008, 0.11904177814722061, 0.11875896155834198, 0.11751996725797653, 0.11636680364608765, 0.11605413258075714, 0.11866515874862671, 0.11509006470441818, 0.1148671805858612, 0.11339163780212402, 0.11360244452953339, 0.11304350942373276, 0.11303066462278366, 0.11325611919164658, 0.11303713917732239, 0.11195668578147888, 0.11187878251075745, 0.11140976846218109, 0.11131855100393295, 0.11262828856706619, 0.11139737814664841, 0.11238744109869003, 0.11231078952550888, 0.11093968152999878, 0.11054692417383194, 0.11052895337343216, 0.11009368300437927, 0.11009806394577026, 0.10980813205242157, 0.11023619771003723, 0.11038006842136383, 0.10999063402414322, 0.11064547300338745, 0.11106260120868683, 0.11124628782272339], "val_mse": [0.9813265204429626, 0.4844004809856415, 0.2817496359348297, 0.21796615421772003, 0.18271242082118988, 0.16305556893348694, 0.15129387378692627, 0.1420929878950119, 0.1367218941450119, 0.13633185625076294, 0.12892748415470123, 0.12678971886634827, 0.12565049529075623, 0.12354514002799988, 0.12649621069431305, 0.12155082821846008, 0.11904177814722061, 0.11875896155834198, 0.11751996725797653, 0.11636680364608765, 0.11605413258075714, 0.11866515874862671, 0.11509006470441818, 0.1148671805858612, 0.11339163780212402, 0.11360244452953339, 0.11304350942373276, 0.11303066462278366, 0.11325611919164658, 0.11303713917732239, 0.11195668578147888, 0.11187878251075745, 0.11140976846218109, 0.11131855100393295, 0.11262828856706619, 0.11139737814664841, 0.11238744109869003, 0.11231078952550888, 0.11093968152999878, 0.11054692417383194, 0.11052895337343216, 0.11009368300437927, 0.11009806394577026, 0.10980813205242157, 0.11023619771003723, 0.11038006842136383, 0.10999063402414322, 0.11064547300338745, 0.11106260120868683, 0.11124628782272339]}