{"loss": [4.624350070953369, 1.1328678131103516, 0.7321187257766724, 0.5550773739814758, 0.4892951548099518, 0.4547926187515259, 0.4327760338783264, 0.4181090295314789, 0.40793317556381226, 0.39971795678138733, 0.39284002780914307, 0.38741549849510193, 0.3830190896987915, 0.3803015947341919, 0.3764941692352295, 0.3744199872016907, 0.37227314710617065, 0.3705253303050995, 0.36831438541412354, 0.36688950657844543, 0.36592811346054077, 0.36417388916015625, 0.36324748396873474, 0.3624189794063568, 0.36135467886924744, 0.3607981503009796, 0.3600735068321228, 0.35996362566947937, 0.3590392768383026, 0.35850781202316284, 0.35841134190559387, 0.3575681746006012, 0.35761696100234985, 0.35720211267471313, 0.3568156957626343, 0.3564433753490448, 0.3563191890716553, 0.35635682940483093, 0.3558352589607239, 0.3556573688983917, 0.35548198223114014, 0.35586974024772644, 0.35539481043815613, 0.3552030920982361, 0.35468748211860657, 0.3549968898296356, 0.3548485040664673, 0.35473835468292236, 0.35485416650772095, 0.35398831963539124], "mse": [4.624350070953369, 1.1328678131103516, 0.7321187257766724, 0.5550773739814758, 0.4892951548099518, 0.4547926187515259, 0.4327760338783264, 0.4181090295314789, 0.40793317556381226, 0.39971795678138733, 0.39284002780914307, 0.38741549849510193, 0.3830190896987915, 0.3803015947341919, 0.3764941692352295, 0.3744199872016907, 0.37227314710617065, 0.3705253303050995, 0.36831438541412354, 0.36688950657844543, 0.36592811346054077, 0.36417388916015625, 0.36324748396873474, 0.3624189794063568, 0.36135467886924744, 0.3607981503009796, 0.3600735068321228, 0.35996362566947937, 0.3590392768383026, 0.35850781202316284, 0.35841134190559387, 0.3575681746006012, 0.35761696100234985, 0.35720211267471313, 0.3568156957626343, 0.3564433753490448, 0.3563191890716553, 0.35635682940483093, 0.3558352589607239, 0.3556573688983917, 0.35548198223114014, 0.35586974024772644, 0.35539481043815613, 0.3552030920982361, 0.35468748211860657, 0.3549968898296356, 0.3548485040664673, 0.35473835468292236, 0.35485416650772095, 0.35398831963539124], "val_loss": [1.3479256629943848, 0.8631594181060791, 0.6477187275886536, 0.5707820653915405, 0.5256944298744202, 0.5046109557151794, 0.48583632707595825, 0.4743998348712921, 0.46866482496261597, 0.4654102325439453, 0.45732417702674866, 0.45294418931007385, 0.4560789465904236, 0.4479507505893707, 0.44637513160705566, 0.44594502449035645, 0.4445991814136505, 0.4426044523715973, 0.4438408613204956, 0.439129114151001, 0.4438929259777069, 0.4397633373737335, 0.43845322728157043, 0.4384320080280304, 0.4378724694252014, 0.43628546595573425, 0.4346175789833069, 0.43570318818092346, 0.4402366280555725, 0.4339524805545807, 0.4353903830051422, 0.4415333569049835, 0.43324097990989685, 0.44031909108161926, 0.435972660779953, 0.43796446919441223, 0.43649184703826904, 0.4336695969104767, 0.4323688745498657, 0.43515169620513916, 0.43416082859039307, 0.4328029155731201, 0.4368709921836853, 0.4357283413410187, 0.43158549070358276, 0.436441034078598, 0.4350345730781555, 0.4340283274650574, 0.4318293631076813, 0.4338974356651306], "val_mse": [1.3479256629943848, 0.8631594181060791, 0.6477187275886536, 0.5707820653915405, 0.5256944298744202, 0.5046109557151794, 0.48583632707595825, 0.4743998348712921, 0.46866482496261597, 0.4654102325439453, 0.45732417702674866, 0.45294418931007385, 0.4560789465904236, 0.4479507505893707, 0.44637513160705566, 0.44594502449035645, 0.4445991814136505, 0.4426044523715973, 0.4438408613204956, 0.439129114151001, 0.4438929259777069, 0.4397633373737335, 0.43845322728157043, 0.4384320080280304, 0.4378724694252014, 0.43628546595573425, 0.4346175789833069, 0.43570318818092346, 0.4402366280555725, 0.4339524805545807, 0.4353903830051422, 0.4415333569049835, 0.43324097990989685, 0.44031909108161926, 0.435972660779953, 0.43796446919441223, 0.43649184703826904, 0.4336695969104767, 0.4323688745498657, 0.43515169620513916, 0.43416082859039307, 0.4328029155731201, 0.4368709921836853, 0.4357283413410187, 0.43158549070358276, 0.436441034078598, 0.4350345730781555, 0.4340283274650574, 0.4318293631076813, 0.4338974356651306]}