{"loss": [4.591545581817627, 1.5595898628234863, 1.1482439041137695, 0.9882417917251587, 0.9302253127098083, 0.9000056385993958, 0.8804056644439697, 0.8654921054840088, 0.8556914925575256, 0.8469302654266357, 0.8410553932189941, 0.8344247937202454, 0.8302838802337646, 0.8258784413337708, 0.8224629759788513, 0.8174545764923096, 0.8159944415092468, 0.8140907287597656, 0.813254714012146, 0.8105470538139343, 0.8095135688781738, 0.8077693581581116, 0.8065401911735535, 0.8046025633811951, 0.8053247332572937, 0.8018590807914734, 0.8022491931915283, 0.8020817041397095, 0.8009760975837708, 0.8006733655929565, 0.8000115156173706, 0.799087643623352, 0.7989820241928101, 0.7988794445991516, 0.7988142371177673, 0.7975743412971497, 0.7970659732818604, 0.7975694537162781, 0.7962378263473511, 0.7973859310150146, 0.7966739535331726, 0.7962950468063354, 0.7960789799690247, 0.7950410842895508, 0.795131504535675, 0.7951721549034119, 0.7949507236480713, 0.7953893542289734, 0.7956095933914185, 0.7947814464569092], "mse": [4.591545581817627, 1.5595898628234863, 1.1482439041137695, 0.9882417917251587, 0.9302253127098083, 0.9000056385993958, 0.8804056644439697, 0.8654921054840088, 0.8556914925575256, 0.8469302654266357, 0.8410553932189941, 0.8344247937202454, 0.8302838802337646, 0.8258784413337708, 0.8224629759788513, 0.8174545764923096, 0.8159944415092468, 0.8140907287597656, 0.813254714012146, 0.8105470538139343, 0.8095135688781738, 0.8077693581581116, 0.8065401911735535, 0.8046025633811951, 0.8053247332572937, 0.8018590807914734, 0.8022491931915283, 0.8020817041397095, 0.8009760975837708, 0.8006733655929565, 0.8000115156173706, 0.799087643623352, 0.7989820241928101, 0.7988794445991516, 0.7988142371177673, 0.7975743412971497, 0.7970659732818604, 0.7975694537162781, 0.7962378263473511, 0.7973859310150146, 0.7966739535331726, 0.7962950468063354, 0.7960789799690247, 0.7950410842895508, 0.795131504535675, 0.7951721549034119, 0.7949507236480713, 0.7953893542289734, 0.7956095933914185, 0.7947814464569092], "val_loss": [1.9054278135299683, 1.3927719593048096, 1.175493597984314, 1.1200159788131714, 1.0677549839019775, 1.0420578718185425, 1.0244015455245972, 1.0270414352416992, 1.0068110227584839, 0.9962455034255981, 0.9917426109313965, 0.9870407581329346, 0.9861919283866882, 0.9848618507385254, 0.9885036945343018, 1.0019608736038208, 0.9782552123069763, 0.9781263470649719, 0.9745842814445496, 0.9793962240219116, 0.9754598736763, 0.9729161858558655, 0.9746159315109253, 0.9759515523910522, 0.9727015495300293, 0.9697322249412537, 0.9830389618873596, 0.9781885743141174, 0.9675709009170532, 0.9677982330322266, 0.9647063612937927, 0.9707409739494324, 0.9857516288757324, 0.9782921075820923, 0.9763049483299255, 0.9700083136558533, 0.9748080968856812, 0.9691205620765686, 0.9688336253166199, 0.9606293439865112, 0.9686554074287415, 0.9648653268814087, 0.9687811136245728, 0.9659889936447144, 0.9643357992172241, 0.9643513560295105, 0.9741191267967224, 0.9731888771057129, 0.9667199850082397, 0.9689376950263977], "val_mse": [1.9054278135299683, 1.3927719593048096, 1.175493597984314, 1.1200159788131714, 1.0677549839019775, 1.0420578718185425, 1.0244015455245972, 1.0270414352416992, 1.0068110227584839, 0.9962455034255981, 0.9917426109313965, 0.9870407581329346, 0.9861919283866882, 0.9848618507385254, 0.9885036945343018, 1.0019608736038208, 0.9782552123069763, 0.9781263470649719, 0.9745842814445496, 0.9793962240219116, 0.9754598736763, 0.9729161858558655, 0.9746159315109253, 0.9759515523910522, 0.9727015495300293, 0.9697322249412537, 0.9830389618873596, 0.9781885743141174, 0.9675709009170532, 0.9677982330322266, 0.9647063612937927, 0.9707409739494324, 0.9857516288757324, 0.9782921075820923, 0.9763049483299255, 0.9700083136558533, 0.9748080968856812, 0.9691205620765686, 0.9688336253166199, 0.9606293439865112, 0.9686554074287415, 0.9648653268814087, 0.9687811136245728, 0.9659889936447144, 0.9643357992172241, 0.9643513560295105, 0.9741191267967224, 0.9731888771057129, 0.9667199850082397, 0.9689376950263977]}