{"loss": [2.190981149673462, 0.3245512545108795, 0.11702955514192581, 0.09136883169412613, 0.08825167268514633, 0.0879245325922966, 0.0878632515668869, 0.0878545269370079, 0.08784749358892441, 0.08784450590610504, 0.08785849809646606, 0.08786994218826294, 0.08786094188690186, 0.08785686641931534, 0.08786539733409882, 0.08786819130182266, 0.08785318583250046, 0.08786136656999588, 0.08786347508430481, 0.08786874264478683, 0.08786889910697937, 0.08786538988351822, 0.0878530815243721, 0.08785013109445572, 0.08783081918954849, 0.08787210285663605, 0.08787359297275543, 0.08784686028957367, 0.08786410838365555, 0.08785101771354675, 0.08788444101810455, 0.08785863220691681, 0.08785094320774078, 0.087847039103508, 0.08786792308092117, 0.08785299211740494, 0.08786064386367798, 0.08785972744226456, 0.0878453254699707, 0.08786801993846893, 0.08783811330795288, 0.0878736823797226, 0.08787885308265686, 0.08784861117601395, 0.08787219226360321, 0.08786850422620773, 0.08786708116531372, 0.08786612004041672, 0.08785631507635117, 0.08786657452583313], "mse": [2.190981149673462, 0.3245512545108795, 0.11702955514192581, 0.09136883169412613, 0.08825167268514633, 0.0879245325922966, 0.0878632515668869, 0.0878545269370079, 0.08784749358892441, 0.08784450590610504, 0.08785849809646606, 0.08786994218826294, 0.08786094188690186, 0.08785686641931534, 0.08786539733409882, 0.08786819130182266, 0.08785318583250046, 0.08786136656999588, 0.08786347508430481, 0.08786874264478683, 0.08786889910697937, 0.08786538988351822, 0.0878530815243721, 0.08785013109445572, 0.08783081918954849, 0.08787210285663605, 0.08787359297275543, 0.08784686028957367, 0.08786410838365555, 0.08785101771354675, 0.08788444101810455, 0.08785863220691681, 0.08785094320774078, 0.087847039103508, 0.08786792308092117, 0.08785299211740494, 0.08786064386367798, 0.08785972744226456, 0.0878453254699707, 0.08786801993846893, 0.08783811330795288, 0.0878736823797226, 0.08787885308265686, 0.08784861117601395, 0.08787219226360321, 0.08786850422620773, 0.08786708116531372, 0.08786612004041672, 0.08785631507635117, 0.08786657452583313], "val_loss": [0.5064820647239685, 0.1482030600309372, 0.107442706823349, 0.10247968882322311, 0.10473360121250153, 0.1044841855764389, 0.10460110008716583, 0.10479941964149475, 0.10397922247648239, 0.10489718616008759, 0.10429307073354721, 0.10382797569036484, 0.10429307818412781, 0.10362467169761658, 0.10416413098573685, 0.10455064475536346, 0.10462702810764313, 0.10377047210931778, 0.1041659340262413, 0.10343369841575623, 0.10371804982423782, 0.10427781939506531, 0.10400493443012238, 0.10406353324651718, 0.10604517161846161, 0.10450538992881775, 0.10394596308469772, 0.10303241014480591, 0.1037818118929863, 0.103059321641922, 0.1043880432844162, 0.10370980948209763, 0.10368561744689941, 0.10270237922668457, 0.10450189560651779, 0.10327722877264023, 0.10445037484169006, 0.10348602384328842, 0.10317445546388626, 0.10267491638660431, 0.10410580039024353, 0.10364625602960587, 0.10476663708686829, 0.10398424416780472, 0.10449116677045822, 0.10368591547012329, 0.10492824763059616, 0.1042419970035553, 0.10381109267473221, 0.10394569486379623], "val_mse": [0.5064820647239685, 0.1482030600309372, 0.107442706823349, 0.10247968882322311, 0.10473360121250153, 0.1044841855764389, 0.10460108518600464, 0.10479941964149475, 0.10397922247648239, 0.10489718616008759, 0.10429307073354721, 0.10382797569036484, 0.10429307818412781, 0.10362467169761658, 0.10416413098573685, 0.10455065965652466, 0.10462702810764313, 0.10377047210931778, 0.1041659340262413, 0.10343369841575623, 0.10371804982423782, 0.1042778268456459, 0.10400493443012238, 0.10406353324651718, 0.10604517161846161, 0.10450538992881775, 0.10394596308469772, 0.10303241014480591, 0.1037818118929863, 0.103059321641922, 0.1043880432844162, 0.10370980948209763, 0.10368561744689941, 0.10270237922668457, 0.10450189560651779, 0.10327722877264023, 0.10445037484169006, 0.10348602384328842, 0.10317445546388626, 0.10267491638660431, 0.10410580039024353, 0.10364625602960587, 0.10476663708686829, 0.10398424416780472, 0.10449116677045822, 0.10368591547012329, 0.10492824763059616, 0.1042419970035553, 0.10381109267473221, 0.10394569486379623]}