{"loss": [2.727848529815674, 2.571549654006958, 2.4296343326568604, 2.288668155670166, 2.161414384841919, 2.044307231903076, 1.9395266771316528, 1.841607689857483, 1.7458001375198364, 1.654603123664856, 1.5706080198287964, 1.4949395656585693, 1.4240261316299438, 1.3557089567184448, 1.2899274826049805, 1.23370361328125, 1.179360270500183, 1.126742959022522, 1.0812575817108154, 1.0388495922088623, 0.9969068765640259, 0.9570575952529907, 0.9186396598815918, 0.8835064768791199, 0.8512079119682312, 0.8194863796234131, 0.7897036671638489, 0.7603211998939514, 0.7344234585762024, 0.7101269364356995, 0.6869643330574036, 0.6654786467552185, 0.6449627876281738, 0.6254496574401855, 0.6062940955162048, 0.5887410640716553, 0.5719889402389526, 0.5551577806472778, 0.5402593016624451, 0.5266839265823364, 0.5130736827850342, 0.49949654936790466, 0.48700281977653503, 0.4753207862377167, 0.4642956256866455, 0.45353204011917114, 0.4428352415561676, 0.4321262240409851, 0.4218086302280426, 0.41195765137672424], "mse": [2.727848529815674, 2.571549654006958, 2.4296343326568604, 2.288668155670166, 2.161414384841919, 2.044307231903076, 1.9395266771316528, 1.841607689857483, 1.7458001375198364, 1.654603123664856, 1.5706080198287964, 1.4949395656585693, 1.4240261316299438, 1.3557089567184448, 1.2899274826049805, 1.23370361328125, 1.179360270500183, 1.126742959022522, 1.0812575817108154, 1.0388495922088623, 0.9969068765640259, 0.9570575952529907, 0.9186396598815918, 0.8835064768791199, 0.8512079119682312, 0.8194863796234131, 0.7897036671638489, 0.7603211998939514, 0.7344234585762024, 0.7101269364356995, 0.6869643330574036, 0.6654786467552185, 0.6449627876281738, 0.6254496574401855, 0.6062940955162048, 0.5887410640716553, 0.5719889402389526, 0.5551577806472778, 0.5402593016624451, 0.5266839265823364, 0.5130736827850342, 0.49949654936790466, 0.48700281977653503, 0.4753207862377167, 0.4642956256866455, 0.45353204011917114, 0.4428352415561676, 0.4321262240409851, 0.4218086302280426, 0.41195765137672424], "val_loss": [1.5501611232757568, 1.4756160974502563, 1.3972766399383545, 1.3277446031570435, 1.2654099464416504, 1.2082616090774536, 1.1593701839447021, 1.110856533050537, 1.0639477968215942, 1.0214065313339233, 0.983109712600708, 0.9481669664382935, 0.9157169461250305, 0.8838154077529907, 0.856611967086792, 0.8311271071434021, 0.8066260814666748, 0.7842460870742798, 0.7638543844223022, 0.7433074712753296, 0.7256099581718445, 0.7083120942115784, 0.6906669735908508, 0.6758397817611694, 0.6609447002410889, 0.6482136249542236, 0.6350157856941223, 0.6233733892440796, 0.6116242408752441, 0.5994688868522644, 0.5896303653717041, 0.5793803930282593, 0.5696132183074951, 0.5607231259346008, 0.5521579384803772, 0.5440186858177185, 0.5366165637969971, 0.528404951095581, 0.5213097929954529, 0.5144388675689697, 0.507352352142334, 0.49924400448799133, 0.49202391505241394, 0.4857749044895172, 0.4796491265296936, 0.4730614423751831, 0.4671236276626587, 0.4610252380371094, 0.45488327741622925, 0.45006653666496277], "val_mse": [1.5501611232757568, 1.4756160974502563, 1.3972766399383545, 1.3277446031570435, 1.2654099464416504, 1.2082616090774536, 1.1593701839447021, 1.110856533050537, 1.0639477968215942, 1.0214065313339233, 0.983109712600708, 0.9481669664382935, 0.9157169461250305, 0.8838154077529907, 0.856611967086792, 0.8311271071434021, 0.8066260814666748, 0.7842460870742798, 0.7638543844223022, 0.7433074712753296, 0.7256099581718445, 0.7083120942115784, 0.6906669735908508, 0.6758397817611694, 0.6609447002410889, 0.6482136249542236, 0.6350157856941223, 0.6233733892440796, 0.6116242408752441, 0.5994688868522644, 0.5896303653717041, 0.5793803930282593, 0.5696132183074951, 0.5607231259346008, 0.5521579384803772, 0.5440186858177185, 0.5366165637969971, 0.528404951095581, 0.5213097929954529, 0.5144388675689697, 0.507352352142334, 0.49924400448799133, 0.49202391505241394, 0.4857749044895172, 0.4796491265296936, 0.4730614423751831, 0.4671236276626587, 0.4610252380371094, 0.45488327741622925, 0.45006653666496277]}