{"loss": [0.8135234117507935, 0.4500528872013092, 0.25632449984550476, 0.1518549770116806, 0.09479968249797821, 0.06274078786373138, 0.0441313311457634, 0.03320225328207016, 0.02636059746146202, 0.02202506549656391, 0.01901940070092678, 0.01686207205057144, 0.01530297938734293, 0.014129155315458775, 0.01324466522783041, 0.012549217790365219, 0.01198748592287302, 0.011556458659470081, 0.011202613823115826, 0.010925163514912128, 0.01070716604590416, 0.01053436379879713, 0.010380498133599758, 0.010266797617077827, 0.010171042755246162, 0.010092061944305897, 0.010029271245002747, 0.009983831085264683, 0.009946996346116066, 0.00991970207542181, 0.009889377281069756, 0.009872128255665302, 0.009856248274445534, 0.009842646308243275, 0.009829998947679996, 0.009821183979511261, 0.009816334582865238, 0.009814558550715446, 0.009805089794099331, 0.009803667664527893, 0.009800785221159458, 0.009794041514396667, 0.00979514792561531, 0.00978991948068142, 0.00978853553533554, 0.009789304807782173, 0.009785713627934456, 0.009789828211069107, 0.00978983286768198, 0.009788812138140202], "mse": [0.8135234117507935, 0.4500528872013092, 0.25632449984550476, 0.1518549770116806, 0.09479968249797821, 0.06274078786373138, 0.0441313311457634, 0.03320225328207016, 0.02636059746146202, 0.02202506549656391, 0.01901940070092678, 0.01686207205057144, 0.01530297938734293, 0.014129155315458775, 0.01324466522783041, 0.012549217790365219, 0.01198748592287302, 0.011556458659470081, 0.011202613823115826, 0.010925163514912128, 0.01070716604590416, 0.01053436379879713, 0.010380498133599758, 0.010266797617077827, 0.010171042755246162, 0.010092061944305897, 0.010029271245002747, 0.009983831085264683, 0.009946996346116066, 0.00991970207542181, 0.009889377281069756, 0.009872128255665302, 0.009856248274445534, 0.009842646308243275, 0.009829998947679996, 0.009821183979511261, 0.009816334582865238, 0.009814558550715446, 0.009805089794099331, 0.009803667664527893, 0.009800785221159458, 0.009794041514396667, 0.00979514792561531, 0.00978991948068142, 0.00978853553533554, 0.009789304807782173, 0.009785713627934456, 0.009789828211069107, 0.00978983286768198, 0.009788812138140202], "val_loss": [0.6129048466682434, 0.35128021240234375, 0.20873278379440308, 0.13018982112407684, 0.08554502576589584, 0.05911343917250633, 0.04344555363059044, 0.03352908790111542, 0.02722456306219101, 0.02290097251534462, 0.01981312781572342, 0.017603475600481033, 0.016015876084566116, 0.014823171310126781, 0.013971197418868542, 0.01328743901103735, 0.012802871875464916, 0.012418773025274277, 0.012099852785468102, 0.011842549778521061, 0.011668830178678036, 0.011506800539791584, 0.011394927278161049, 0.011329199187457561, 0.011244037188589573, 0.011217286810278893, 0.011164834722876549, 0.011175734922289848, 0.011171921156346798, 0.011151976883411407, 0.011153028346598148, 0.011133377440273762, 0.01111551746726036, 0.011139830574393272, 0.01116629596799612, 0.011154098436236382, 0.011130585335195065, 0.011135020293295383, 0.011130176484584808, 0.011180222034454346, 0.011192774400115013, 0.011198800057172775, 0.011165732517838478, 0.011142272502183914, 0.011134803295135498, 0.011128263548016548, 0.011118815280497074, 0.011137830093502998, 0.01114356517791748, 0.011191432364284992], "val_mse": [0.6129048466682434, 0.35128021240234375, 0.20873278379440308, 0.13018982112407684, 0.08554502576589584, 0.05911343917250633, 0.04344555363059044, 0.03352908790111542, 0.02722456306219101, 0.02290097251534462, 0.01981312781572342, 0.017603475600481033, 0.016015876084566116, 0.014823171310126781, 0.013971197418868542, 0.01328743901103735, 0.012802871875464916, 0.012418773025274277, 0.012099852785468102, 0.011842549778521061, 0.011668830178678036, 0.011506800539791584, 0.011394927278161049, 0.011329199187457561, 0.011244037188589573, 0.011217286810278893, 0.011164835654199123, 0.011175734922289848, 0.011171921156346798, 0.011151976883411407, 0.011153028346598148, 0.011133377440273762, 0.01111551746726036, 0.011139830574393272, 0.01116629596799612, 0.011154098436236382, 0.011130585335195065, 0.011135020293295383, 0.011130176484584808, 0.011180222034454346, 0.011192774400115013, 0.011198800057172775, 0.011165732517838478, 0.011142272502183914, 0.011134803295135498, 0.011128263548016548, 0.011118815280497074, 0.011137830093502998, 0.01114356517791748, 0.011191432364284992]}