{"loss": [2.9043591022491455, 2.163358211517334, 1.6562891006469727, 1.2989691495895386, 1.0346301794052124, 0.8343532085418701, 0.6810757517814636, 0.5612127184867859, 0.46561139822006226, 0.39036038517951965, 0.33024951815605164, 0.28275367617607117, 0.24419985711574554, 0.21372398734092712, 0.18873746693134308, 0.16907905042171478, 0.15335394442081451, 0.14053288102149963, 0.13022570312023163, 0.12198755890130997, 0.11529593169689178, 0.10978543013334274, 0.10559796541929245, 0.1021457239985466, 0.09933745115995407, 0.09713524580001831, 0.09539467841386795, 0.0940593034029007, 0.09282716363668442, 0.09192661195993423, 0.0911826342344284, 0.09056572616100311, 0.09007781744003296, 0.08969692140817642, 0.08941140025854111, 0.08912932127714157, 0.08889313042163849, 0.08876635879278183, 0.08863553404808044, 0.08852122724056244, 0.08841011673212051, 0.08836283534765244, 0.08832655102014542, 0.08823950588703156, 0.08821506798267365, 0.08819425106048584, 0.08816327154636383, 0.08813926577568054, 0.0881393626332283, 0.08809339255094528, 0.08809186518192291, 0.08813527971506119, 0.08810552954673767, 0.08809276670217514, 0.0880621150135994, 0.08807744830846786, 0.08808938413858414, 0.08806195110082626, 0.0880756825208664, 0.08805478364229202, 0.08807361125946045, 0.08805716782808304, 0.08805494010448456, 0.08805916458368301, 0.08804348856210709, 0.0880817174911499, 0.08807609975337982, 0.08803229033946991, 0.08812656998634338, 0.08810894191265106, 0.08808061480522156, 0.08807244151830673, 0.08805771172046661, 0.08808629214763641, 0.08808882534503937, 0.08808621019124985, 0.08809176832437515, 0.0880507379770279, 0.08806154131889343, 0.08808353543281555, 0.08806978911161423, 0.08814804255962372, 0.08812695741653442, 0.08806749433279037, 0.0880955383181572, 0.08806001394987106, 0.08805043995380402, 0.08807507902383804, 0.0880821943283081, 0.08804881572723389, 0.08810493350028992, 0.08808773756027222, 0.08807305246591568, 0.08809606730937958, 0.08805956691503525, 0.08807115256786346, 0.08805633336305618, 0.08808085322380066, 0.08806454390287399, 0.08809127658605576], "mse": [2.9043591022491455, 2.163358211517334, 1.6562891006469727, 1.2989691495895386, 1.0346301794052124, 0.8343532085418701, 0.6810757517814636, 0.5612127184867859, 0.46561139822006226, 0.39036038517951965, 0.33024951815605164, 0.28275367617607117, 0.24419985711574554, 0.21372398734092712, 0.18873746693134308, 0.16907905042171478, 0.15335394442081451, 0.14053288102149963, 0.13022570312023163, 0.12198755890130997, 0.11529593169689178, 0.10978543013334274, 0.10559796541929245, 0.1021457239985466, 0.09933745115995407, 0.09713524580001831, 0.09539467841386795, 0.0940593034029007, 0.09282716363668442, 0.09192661195993423, 0.0911826342344284, 0.09056572616100311, 0.09007781744003296, 0.08969692140817642, 0.08941140025854111, 0.08912932127714157, 0.08889313042163849, 0.08876635879278183, 0.08863553404808044, 0.08852122724056244, 0.08841011673212051, 0.08836283534765244, 0.08832655102014542, 0.08823950588703156, 0.08821506798267365, 0.08819425106048584, 0.08816327154636383, 0.08813926577568054, 0.0881393626332283, 0.08809339255094528, 0.08809186518192291, 0.08813527971506119, 0.08810552954673767, 0.08809276670217514, 0.0880621150135994, 0.08807744830846786, 0.08808938413858414, 0.08806195110082626, 0.0880756825208664, 0.08805478364229202, 0.08807361125946045, 0.08805716782808304, 0.08805494010448456, 0.08805916458368301, 0.08804348856210709, 0.0880817174911499, 0.08807609975337982, 0.08803229033946991, 0.08812656998634338, 0.08810894191265106, 0.08808061480522156, 0.08807244151830673, 0.08805771172046661, 0.08808629214763641, 0.08808882534503937, 0.08808621019124985, 0.08809176832437515, 0.0880507379770279, 0.08806154131889343, 0.08808353543281555, 0.08806978911161423, 0.08814804255962372, 0.08812695741653442, 0.08806749433279037, 0.0880955383181572, 0.08806001394987106, 0.08805043995380402, 0.08807507902383804, 0.0880821943283081, 0.08804881572723389, 0.08810493350028992, 0.08808773756027222, 0.08807305246591568, 0.08809606730937958, 0.08805956691503525, 0.08807115256786346, 0.08805633336305618, 0.08808085322380066, 0.08806454390287399, 0.08809127658605576], "val_loss": [2.3364574909210205, 1.7667180299758911, 1.3732833862304688, 1.0874354839324951, 0.8709337115287781, 0.7072871923446655, 0.5807735323905945, 0.47965332865715027, 0.4006786048412323, 0.33794349431991577, 0.2891325056552887, 0.24995914101600647, 0.21883909404277802, 0.19353258609771729, 0.1740420162677765, 0.15839439630508423, 0.1457972675561905, 0.13551145792007446, 0.12762661278247833, 0.12170564383268356, 0.11660491675138474, 0.11288511008024216, 0.109530009329319, 0.10721445083618164, 0.10596108436584473, 0.1046728864312172, 0.10368160158395767, 0.10273967683315277, 0.10220296680927277, 0.10167999565601349, 0.10114346444606781, 0.10078269988298416, 0.10065177083015442, 0.10084225982427597, 0.10051357001066208, 0.10056339204311371, 0.10047309845685959, 0.10047490149736404, 0.10030695050954819, 0.10013575851917267, 0.10018819570541382, 0.10041128098964691, 0.09994487464427948, 0.1004222109913826, 0.10039500892162323, 0.10026315599679947, 0.10031212121248245, 0.10028586536645889, 0.10021130740642548, 0.09995174407958984, 0.10016942769289017, 0.10027287155389786, 0.1001766100525856, 0.10068204998970032, 0.10064350813627243, 0.10070490092039108, 0.10061648488044739, 0.10061359405517578, 0.10041013360023499, 0.10051748156547546, 0.10050942748785019, 0.10053709149360657, 0.10065557807683945, 0.10069239884614944, 0.1003234013915062, 0.10043326020240784, 0.10069277137517929, 0.10055586695671082, 0.10054362565279007, 0.10076522827148438, 0.10071642696857452, 0.10051646828651428, 0.10040569305419922, 0.10038572549819946, 0.10009513050317764, 0.100196972489357, 0.10042732954025269, 0.10041605681180954, 0.1003798097372055, 0.10048448294401169, 0.10058113187551498, 0.10065410286188126, 0.10039747506380081, 0.10066986083984375, 0.10114280879497528, 0.10077439993619919, 0.10048995912075043, 0.10047497600317001, 0.10055023431777954, 0.10018549859523773, 0.10041233152151108, 0.10031396895647049, 0.10040798038244247, 0.10061802715063095, 0.10065031051635742, 0.10081866383552551, 0.10076189786195755, 0.10037622600793839, 0.1003432497382164, 0.1002969741821289],