{"loss": [2.4126861095428467, 1.9689253568649292, 1.6893949508666992, 1.5065785646438599, 1.3788295984268188, 1.2879472970962524, 1.2206746339797974, 1.1715357303619385, 1.1310940980911255, 1.1009215116500854, 1.0759575366973877, 1.0563604831695557, 1.0411041975021362, 1.028692603111267, 1.0192245244979858, 1.0115536451339722, 1.0046086311340332, 0.9995065331459045, 0.9958488941192627, 0.9925893545150757, 0.9895405769348145, 0.9877057671546936, 0.9858208298683167, 0.9845864772796631, 0.9831315875053406, 0.9824259877204895, 0.9815164804458618, 0.9810894131660461, 0.9803947806358337, 0.9802408814430237, 0.9796959161758423, 0.9794673323631287, 0.9794800877571106, 0.9799954891204834, 0.978792667388916, 0.9788308143615723, 0.9789717197418213, 0.9785701036453247, 0.9788529276847839, 0.9786683320999146, 0.9787776470184326, 0.9787957072257996, 0.9788651466369629, 0.9785159826278687, 0.9784300923347473, 0.9785966873168945, 0.978672981262207, 0.9786390066146851, 0.9785385727882385, 0.9787115454673767], "mse": [2.4126861095428467, 1.9689253568649292, 1.6893949508666992, 1.5065785646438599, 1.3788295984268188, 1.2879472970962524, 1.2206746339797974, 1.1715357303619385, 1.1310940980911255, 1.1009215116500854, 1.0759575366973877, 1.0563604831695557, 1.0411041975021362, 1.028692603111267, 1.0192245244979858, 1.0115536451339722, 1.0046086311340332, 0.9995065331459045, 0.9958488941192627, 0.9925893545150757, 0.9895405769348145, 0.9877057671546936, 0.9858208298683167, 0.9845864772796631, 0.9831315875053406, 0.9824259877204895, 0.9815164804458618, 0.9810894131660461, 0.9803947806358337, 0.9802408814430237, 0.9796959161758423, 0.9794673323631287, 0.9794800877571106, 0.9799954891204834, 0.978792667388916, 0.9788308143615723, 0.9789717197418213, 0.9785701036453247, 0.9788529276847839, 0.9786683320999146, 0.9787776470184326, 0.9787957072257996, 0.9788651466369629, 0.9785159826278687, 0.9784300923347473, 0.9785966873168945, 0.978672981262207, 0.9786390066146851, 0.9785385727882385, 0.9787115454673767], "val_loss": [2.625466823577881, 2.169874429702759, 1.8744137287139893, 1.6664149761199951, 1.5177279710769653, 1.4114798307418823, 1.338910698890686, 1.2858679294586182, 1.2456848621368408, 1.2106578350067139, 1.1857625246047974, 1.1706359386444092, 1.154439926147461, 1.1439967155456543, 1.1334502696990967, 1.1249829530715942, 1.1220353841781616, 1.1222867965698242, 1.120045781135559, 1.1128839254379272, 1.1153634786605835, 1.1119160652160645, 1.1134926080703735, 1.115688681602478, 1.1117768287658691, 1.1107420921325684, 1.1118817329406738, 1.1103023290634155, 1.1110997200012207, 1.115058422088623, 1.1148086786270142, 1.1164604425430298, 1.1151846647262573, 1.11784029006958, 1.1162868738174438, 1.1178154945373535, 1.1175978183746338, 1.1194595098495483, 1.1207925081253052, 1.1169131994247437, 1.1177809238433838, 1.1168819665908813, 1.1170125007629395, 1.1168107986450195, 1.1169265508651733, 1.1140844821929932, 1.1153674125671387, 1.1174333095550537, 1.1168233156204224, 1.114601492881775], "val_mse": [2.625466823577881, 2.169874429702759, 1.8744137287139893, 1.6664150953292847, 1.5177279710769653, 1.4114798307418823, 1.338910698890686, 1.2858679294586182, 1.2456848621368408, 1.2106578350067139, 1.1857625246047974, 1.1706359386444092, 1.154439926147461, 1.1439967155456543, 1.1334502696990967, 1.1249829530715942, 1.1220353841781616, 1.1222867965698242, 1.120045781135559, 1.1128839254379272, 1.1153634786605835, 1.1119160652160645, 1.1134926080703735, 1.115688681602478, 1.1117768287658691, 1.1107420921325684, 1.1118817329406738, 1.1103023290634155, 1.1110997200012207, 1.115058422088623, 1.1148086786270142, 1.1164604425430298, 1.1151846647262573, 1.11784029006958, 1.1162868738174438, 1.1178154945373535, 1.1175978183746338, 1.1194595098495483, 1.1207925081253052, 1.1169131994247437, 1.1177809238433838, 1.1168819665908813, 1.1170125007629395, 1.1168107986450195, 1.1169265508651733, 1.1140844821929932, 1.1153674125671387, 1.1174333095550537, 1.1168233156204224, 1.114601492881775]}