{"loss": [1.3631304502487183, 0.9191842079162598, 0.6567727327346802, 0.4915045201778412, 0.3841096758842468, 0.31265169382095337, 0.26097747683525085, 0.22289514541625977, 0.19436536729335785, 0.17243462800979614], "mse": [1.3631304502487183, 0.9191842079162598, 0.6567727327346802, 0.4915045201778412, 0.3841096758842468, 0.31265169382095337, 0.26097747683525085, 0.22289514541625977, 0.19436536729335785, 0.17243462800979614], "val_loss": [1.1495212316513062, 0.8075242042541504, 0.5920096039772034, 0.45274245738983154, 0.3613191545009613, 0.29640474915504456, 0.24989932775497437, 0.21542412042617798, 0.1888822615146637, 0.1690971553325653], "val_mse": [1.1495212316513062, 0.8075242042541504, 0.5920096039772034, 0.45274245738983154, 0.3613191545009613, 0.29640474915504456, 0.24989932775497437, 0.21542412042617798, 0.1888822615146637, 0.1690971553325653]}