{"loss": [3.531477928161621, 2.670630931854248, 2.061497449874878, 1.625503420829773, 1.2968610525131226, 1.0469619035720825, 0.8528916835784912, 0.6996157765388489, 0.5784392356872559, 0.481191486120224, 0.4030436873435974, 0.34051835536956787, 0.2908346951007843, 0.25064876675605774, 0.2186252623796463, 0.19316983222961426, 0.17270803451538086, 0.15616223216056824, 0.1428937315940857, 0.1321982741355896, 0.12359564751386642, 0.11665286123752594, 0.11108534783124924, 0.10654354095458984, 0.10290145128965378, 0.09998717159032822, 0.09760238975286484, 0.0957002267241478, 0.09423448145389557, 0.09298038482666016, 0.09202420711517334, 0.09124249964952469, 0.09064677357673645, 0.09016397595405579, 0.08976848423480988, 0.08938689529895782, 0.08914399147033691, 0.08898579329252243, 0.08876283466815948, 0.08862655609846115, 0.0885339304804802, 0.08847543597221375, 0.08836854249238968, 0.08834495395421982, 0.08830326050519943, 0.08824671804904938, 0.08820441365242004, 0.08816342800855637, 0.0881941020488739, 0.08812490850687027], "mse": [3.531477928161621, 2.670630931854248, 2.061497449874878, 1.625503420829773, 1.2968610525131226, 1.0469619035720825, 0.8528916835784912, 0.6996157765388489, 0.5784392356872559, 0.481191486120224, 0.4030436873435974, 0.34051835536956787, 0.2908346951007843, 0.25064876675605774, 0.2186252623796463, 0.19316983222961426, 0.17270803451538086, 0.15616223216056824, 0.1428937315940857, 0.1321982741355896, 0.12359564751386642, 0.11665286123752594, 0.11108534783124924, 0.10654354095458984, 0.10290145128965378, 0.09998717159032822, 0.09760238975286484, 0.0957002267241478, 0.09423448145389557, 0.09298038482666016, 0.09202420711517334, 0.09124249964952469, 0.09064677357673645, 0.09016397595405579, 0.08976848423480988, 0.08938689529895782, 0.08914399147033691, 0.08898579329252243, 0.08876283466815948, 0.08862655609846115, 0.0885339304804802, 0.08847543597221375, 0.08836854249238968, 0.08834495395421982, 0.08830326050519943, 0.08824671804904938, 0.08820441365242004, 0.08816342800855637, 0.0881941020488739, 0.08812490850687027], "val_loss": [2.830172061920166, 2.164447546005249, 1.6947516202926636, 1.3451333045959473, 1.0796679258346558, 0.8764349222183228, 0.7164192795753479, 0.590782105922699, 0.49069827795028687, 0.4098794460296631, 0.3458024561405182, 0.2953347861766815, 0.25481197237968445, 0.22235305607318878, 0.19709227979183197, 0.1769712120294571, 0.1610138714313507, 0.14804331958293915, 0.13790513575077057, 0.129985511302948, 0.1237315908074379, 0.11857147514820099, 0.11442914605140686, 0.11144380271434784, 0.10842685401439667, 0.10658792406320572, 0.1051286980509758, 0.10394174605607986, 0.10245517641305923, 0.10202448815107346, 0.10170871764421463, 0.10137911140918732, 0.10089883208274841, 0.10053897649049759, 0.10050614178180695, 0.10039284825325012, 0.10044088959693909, 0.10024826228618622, 0.10007810592651367, 0.10008199512958527, 0.1003643050789833, 0.1003909558057785, 0.10036428272724152, 0.10041898488998413, 0.1004481315612793, 0.10041428357362747, 0.10048902779817581, 0.10041087865829468, 0.099935382604599, 0.10028021037578583], "val_mse": [2.830172061920166, 2.164447546005249, 1.6947516202926636, 1.3451333045959473, 1.0796679258346558, 0.8764349222183228, 0.7164192795753479, 0.590782105922699, 0.49069827795028687, 0.4098794460296631, 0.3458024561405182, 0.2953347861766815, 0.25481197237968445, 0.22235305607318878, 0.19709227979183197, 0.1769712120294571, 0.1610138714313507, 0.14804331958293915, 0.13790513575077057, 0.129985511302948, 0.1237315908074379, 0.11857147514820099, 0.11442914605140686, 0.11144380271434784, 0.10842685401439667, 0.10658792406320572, 0.1051286980509758, 0.10394174605607986, 0.10245517641305923, 0.10202448815107346, 0.10170871764421463, 0.10137911140918732, 0.10089883208274841, 0.10053897649049759, 0.10050614178180695, 0.10039284825325012, 0.10044088959693909, 0.10024826228618622, 0.10007810592651367, 0.10008199512958527, 0.1003643050789833, 0.1003909558057785, 0.10036428272724152, 0.10041898488998413, 0.1004481315612793, 0.10041428357362747, 0.10048902779817581, 0.10041087865829468, 0.099935382604599, 0.10028019547462463]}