{"acc": [0.8432999849319458, 0.9454666376113892, 0.9580833315849304, 0.9635000228881836, 0.966533362865448, 0.9693666696548462, 0.9709500074386597, 0.9711999893188477, 0.972766637802124, 0.9742333292961121, 0.9742500185966492, 0.9757500290870667, 0.9754666686058044, 0.9767666459083557, 0.9764166474342346, 0.9767666459083557, 0.9778833389282227, 0.9781833291053772, 0.9781000018119812, 0.9778000116348267, 0.9782166481018066, 0.9793000221252441, 0.9787833094596863, 0.9784833192825317, 0.9789666533470154, 0.979616641998291, 0.9795666933059692, 0.9789999723434448, 0.9801666736602783, 0.9793000221252441, 0.978766679763794, 0.9803166389465332, 0.980400025844574, 0.979200005531311, 0.9792500138282776, 0.9804499745368958, 0.9805166721343994, 0.980650007724762, 0.9803833365440369, 0.9805333614349365, 0.98048335313797, 0.9808499813079834, 0.9806166887283325, 0.9809666872024536, 0.9813500046730042, 0.9813166856765747, 0.9804333448410034, 0.9815333485603333, 0.9815333485603333, 0.9815833568572998], "loss": [0.4884606897830963, 0.19284117221832275, 0.15248893201351166, 0.12885010242462158, 0.11863567680120468, 0.1094571202993393, 0.10352751612663269, 0.10241622477769852, 0.09509813785552979, 0.09156785160303116, 0.08916515111923218, 0.08764112740755081, 0.08602393418550491, 0.08407840132713318, 0.08206621557474136, 0.07963678240776062, 0.07889597862958908, 0.07753938436508179, 0.07802817970514297, 0.07702477276325226, 0.07579851150512695, 0.07491565495729446, 0.07228270918130875, 0.07431843876838684, 0.0739927813410759, 0.07275238633155823, 0.07079064100980759, 0.07335396111011505, 0.06780971586704254, 0.07186130434274673, 0.07522786408662796, 0.0682530328631401, 0.06827009469270706, 0.07285580039024353, 0.0712277963757515, 0.06747540086507797, 0.06982161104679108, 0.06352849304676056, 0.06958633661270142, 0.06905648112297058, 0.06998813152313232, 0.06694530695676804, 0.06726734340190887, 0.06598646193742752, 0.06343377381563187, 0.06495492160320282, 0.06651392579078674, 0.06463039666414261, 0.06359608471393585, 0.0649995505809784], "val_acc": [0.9746999740600586, 0.982200026512146, 0.986299991607666, 0.9871000051498413, 0.988099992275238, 0.9882000088691711, 0.9902999997138977, 0.9905999898910522, 0.9901999831199646, 0.9904000163078308, 0.9902999997138977, 0.9897000193595886, 0.9901000261306763, 0.9883999824523926, 0.9896000027656555, 0.9894000291824341, 0.9879000186920166, 0.9904999732971191, 0.9898999929428101, 0.9907000064849854, 0.991100013256073, 0.9905999898910522, 0.9901999831199646, 0.989799976348877, 0.9889000058174133, 0.9911999702453613, 0.9897000193595886, 0.9901000261306763, 0.9912999868392944, 0.989799976348877, 0.9904999732971191, 0.9916999936103821, 0.9914000034332275, 0.989799976348877, 0.9919000267982483, 0.9904999732971191, 0.9907000064849854, 0.9908000230789185, 0.9914000034332275, 0.9904999732971191, 0.9914000034332275, 0.9916999936103821, 0.9887999892234802, 0.9901999831199646, 0.9916999936103821, 0.9912999868392944, 0.9904999732971191, 0.9890000224113464, 0.9916999936103821, 0.9918000102043152], "val_loss": [0.08120721578598022, 0.058502014726400375, 0.045324113219976425, 0.04057539626955986, 0.03895256668329239, 0.03862548619508743, 0.03267684951424599, 0.03027259185910225, 0.031050559133291245, 0.02983088046312332, 0.028690945357084274, 0.031503450125455856, 0.031335048377513885, 0.038523118942976, 0.031610917299985886, 0.0351870059967041, 0.03974829241633415, 0.0313129648566246, 0.034418296068906784, 0.03300879895687103, 0.030699847266077995, 0.03040211834013462, 0.0352209135890007, 0.03699498251080513, 0.037216898053884506, 0.03184742480516434, 0.036931443959474564, 0.033087633550167084, 0.030213244259357452, 0.03814355283975601, 0.03546483814716339, 0.029341183602809906, 0.029590090736746788, 0.03470372408628464, 0.02957928739488125, 0.03267288953065872, 0.03108230046927929, 0.03140995651483536, 0.03293287381529808, 0.03532567247748375, 0.03325668349862099, 0.03153856843709946, 0.042680710554122925, 0.03441688045859337, 0.030598867684602737, 0.03397664427757263, 0.033155545592308044, 0.037655752152204514, 0.028878936544060707, 0.032683826982975006]}