{"acc": [0.5064666867256165, 0.7998833060264587, 0.8589166402816772, 0.8840833306312561, 0.9006833434104919, 0.9108499884605408, 0.9194999933242798, 0.9262499809265137, 0.9320999979972839, 0.935616672039032, 0.9375500082969666, 0.9405666589736938, 0.9434333443641663, 0.9448000192642212, 0.9480500221252441, 0.9501166939735413, 0.9523333311080933, 0.9531166553497314, 0.9539666771888733, 0.9556166529655457, 0.9558666944503784, 0.9579499959945679, 0.958633303642273, 0.961566686630249, 0.9599999785423279, 0.9605833292007446, 0.961483359336853, 0.9636333584785461, 0.9623666405677795, 0.9645500183105469, 0.9649333357810974, 0.9656166434288025, 0.9653666615486145, 0.9669666886329651, 0.9674166440963745, 0.9676833152770996, 0.9684666395187378, 0.969083309173584, 0.9704333543777466, 0.9690666794776917, 0.9704166650772095, 0.9694166779518127, 0.970966637134552, 0.9721666574478149, 0.9712499976158142, 0.9714000225067139, 0.97243332862854, 0.9730666875839233, 0.9731833338737488, 0.9724166393280029], "loss": [1.4338546991348267, 0.6535038948059082, 0.4872111976146698, 0.40812090039253235, 0.356169193983078, 0.32095497846603394, 0.29291465878486633, 0.2674297094345093, 0.24776996672153473, 0.2363593876361847, 0.226530522108078, 0.21782061457633972, 0.20935620367527008, 0.19894786179065704, 0.19247926771640778, 0.18357285857200623, 0.17823635041713715, 0.17041389644145966, 0.1680399477481842, 0.160066619515419, 0.15919740498065948, 0.15409840643405914, 0.14935068786144257, 0.14233019948005676, 0.14601384103298187, 0.1396089494228363, 0.13843606412410736, 0.1327195167541504, 0.1314825862646103, 0.1259254515171051, 0.12630417943000793, 0.12339621037244797, 0.12276259064674377, 0.11832601577043533, 0.11618680506944656, 0.1128942146897316, 0.11176491528749466, 0.11231756210327148, 0.11025092005729675, 0.1109505295753479, 0.10635002702474594, 0.10736504942178726, 0.10358845442533493, 0.10072982311248779, 0.10177679359912872, 0.10278923809528351, 0.09779034554958344, 0.09503405541181564, 0.0962236225605011, 0.09764021635055542], "val_acc": [0.8781999945640564, 0.9142000079154968, 0.9298999905586243, 0.9404000043869019, 0.9477999806404114, 0.9535999894142151, 0.9570000171661377, 0.9592999815940857, 0.9596999883651733, 0.9616000056266785, 0.963699996471405, 0.9670000076293945, 0.9674999713897705, 0.968500018119812, 0.9681000113487244, 0.9692000150680542, 0.9700000286102295, 0.9711999893188477, 0.9718000292778015, 0.9714999794960022, 0.972000002861023, 0.9729999899864197, 0.973800003528595, 0.9739999771118164, 0.9742000102996826, 0.9731000065803528, 0.9750999808311462, 0.9757999777793884, 0.9746000170707703, 0.9753999710083008, 0.9750999808311462, 0.9764999747276306, 0.975600004196167, 0.9761000275611877, 0.9761000275611877, 0.9757000207901001, 0.9767000079154968, 0.9758999943733215, 0.9761000275611877, 0.9771999716758728, 0.9761000275611877, 0.9763000011444092, 0.9771000146865845, 0.9779000282287598, 0.9781000018119812, 0.9775000214576721, 0.9785000085830688, 0.978600025177002, 0.9779999852180481, 0.9775999784469604], "val_loss": [0.45330020785331726, 0.29886457324028015, 0.24123571813106537, 0.20679911971092224, 0.1840568333864212, 0.1622745394706726, 0.14918355643749237, 0.1408146619796753, 0.1344611942768097, 0.12969465553760529, 0.12359674274921417, 0.11458206921815872, 0.1142134740948677, 0.10934628546237946, 0.10808251053094864, 0.10516185313463211, 0.10236245393753052, 0.09872084856033325, 0.09646061062812805, 0.09785149991512299, 0.09405066817998886, 0.09387137740850449, 0.09546146541833878, 0.09276072680950165, 0.0906597152352333, 0.09121837466955185, 0.08923212438821793, 0.08578494191169739, 0.0877661183476448, 0.08595219254493713, 0.08517631888389587, 0.08614777773618698, 0.08740517497062683, 0.08726530522108078, 0.08444948494434357, 0.08484046161174774, 0.08458374440670013, 0.08331359177827835, 0.08656909316778183, 0.08215504884719849, 0.08789078146219254, 0.08543776720762253, 0.08165892213582993, 0.08183597773313522, 0.08066695928573608, 0.08017443865537643, 0.07908546924591064, 0.08344452828168869, 0.08216285705566406, 0.08300580829381943]}