{"acc": [0.8290666937828064, 0.923799991607666, 0.937333345413208, 0.9431333541870117, 0.9484333395957947, 0.9529666900634766, 0.9541333317756653, 0.9568166732788086, 0.9589999914169312, 0.9604166746139526, 0.9618666768074036, 0.9635666608810425, 0.9623000025749207, 0.9647166728973389, 0.9653000235557556, 0.9667166471481323, 0.9670833349227905, 0.96711665391922, 0.9673833250999451, 0.9692000150680542, 0.9698833227157593, 0.9698500037193298, 0.9704166650772095, 0.9713833332061768, 0.9712333083152771, 0.9712833166122437, 0.9721666574478149, 0.9703500270843506, 0.9737833142280579, 0.9725666642189026, 0.9725833535194397, 0.9743499755859375, 0.9736499786376953, 0.9731500148773193, 0.9748333096504211, 0.9754999876022339, 0.974566638469696, 0.9747499823570251, 0.9767333269119263, 0.9763333201408386, 0.9763000011444092, 0.9756166934967041, 0.9765333533287048, 0.9756500124931335, 0.977150022983551, 0.9764000177383423, 0.9770833253860474, 0.9775000214576721, 0.9774333238601685, 0.9780499935150146], "loss": [0.562680721282959, 0.2822016179561615, 0.2373863160610199, 0.2084057629108429, 0.18581250309944153, 0.17688682675361633, 0.16642488539218903, 0.15969611704349518, 0.15238559246063232, 0.14573171734809875, 0.13824008405208588, 0.13637255132198334, 0.138499915599823, 0.12842349708080292, 0.12634122371673584, 0.12594009935855865, 0.12037429958581924, 0.1193467527627945, 0.12036469578742981, 0.1154198870062828, 0.11082246154546738, 0.1132078766822815, 0.10806506127119064, 0.11015544086694717, 0.10915275663137436, 0.10491082817316055, 0.10642902553081512, 0.10646676272153854, 0.09521318227052689, 0.10003437846899033, 0.10169317573308945, 0.09345731884241104, 0.09854353219270706, 0.09918026626110077, 0.09675318002700806, 0.09413975477218628, 0.09449033439159393, 0.09259463846683502, 0.08679953962564468, 0.08720027655363083, 0.08839299529790878, 0.09145128726959229, 0.0888766273856163, 0.08919087797403336, 0.084144227206707, 0.08507896214723587, 0.08722396939992905, 0.08405774086713791, 0.08615988492965698, 0.08278860151767731], "val_acc": [0.9484000205993652, 0.9605000019073486, 0.9653000235557556, 0.968500018119812, 0.9714999794960022, 0.9704999923706055, 0.9704999923706055, 0.9725000262260437, 0.9706000089645386, 0.9750999808311462, 0.9745000004768372, 0.9763000011444092, 0.9761999845504761, 0.9767000079154968, 0.9743000268936157, 0.9781000018119812, 0.9767000079154968, 0.9778000116348267, 0.9775000214576721, 0.9779999852180481, 0.9771999716758728, 0.9787999987602234, 0.9794999957084656, 0.9797999858856201, 0.9793000221252441, 0.9790999889373779, 0.9793000221252441, 0.9799000024795532, 0.9797000288963318, 0.9807000160217285, 0.9807000160217285, 0.9810000061988831, 0.9799000024795532, 0.9799000024795532, 0.9805999994277954, 0.9801999926567078, 0.9799000024795532, 0.9799000024795532, 0.9775999784469604, 0.9804999828338623, 0.9801999926567078, 0.9821000099182129, 0.9801999926567078, 0.979200005531311, 0.9804999828338623, 0.9799000024795532, 0.9793000221252441, 0.979200005531311, 0.9799000024795532, 0.9805999994277954], "val_loss": [0.17853771150112152, 0.13812336325645447, 0.12087295949459076, 0.1113477274775505, 0.10208721458911896, 0.09971019625663757, 0.10022180527448654, 0.09688297659158707, 0.10331734269857407, 0.09149522334337234, 0.09408561885356903, 0.08662423491477966, 0.08757452666759491, 0.08894674479961395, 0.09256540238857269, 0.08165222406387329, 0.0905880257487297, 0.08387205749750137, 0.08858378976583481, 0.09041431546211243, 0.09383220225572586, 0.0880146399140358, 0.0871661826968193, 0.08570969849824905, 0.08504176884889603, 0.08786049485206604, 0.08820730447769165, 0.08876559883356094, 0.09340778738260269, 0.08383429795503616, 0.08569652587175369, 0.0870826318860054, 0.09252937138080597, 0.08564449101686478, 0.08800369501113892, 0.09172812849283218, 0.08973762392997742, 0.08744620531797409, 0.09793621301651001, 0.08484066277742386, 0.08584805577993393, 0.09402921795845032, 0.09633661806583405, 0.09458915144205093, 0.09455723315477371, 0.09856031090021133, 0.09640064835548401, 0.0938069075345993, 0.09274226427078247, 0.10031012445688248]}