{"acc": [0.24943333864212036, 0.46596667170524597, 0.5729166865348816, 0.6346499919891357, 0.6796166896820068, 0.7091333270072937, 0.7315333485603333, 0.7509666681289673, 0.7666166424751282, 0.7804166674613953, 0.7893999814987183, 0.8019333481788635, 0.8083666563034058, 0.8148166537284851, 0.8209499716758728, 0.8275833129882812, 0.8317333459854126, 0.8377333283424377, 0.8414166569709778, 0.8449833393096924, 0.8463166952133179, 0.8510666489601135, 0.853683352470398, 0.8564666509628296, 0.8616666793823242, 0.8619333505630493, 0.8651333451271057, 0.8701500296592712, 0.8687833547592163, 0.8714333176612854, 0.8720166683197021, 0.8766499757766724, 0.8776833415031433, 0.8771166801452637, 0.8811333179473877, 0.8826500177383423, 0.8813833594322205, 0.8830999732017517, 0.884933352470398, 0.8863333463668823, 0.8859333395957947, 0.8891833424568176, 0.8876833319664001, 0.8915166854858398, 0.8917666673660278, 0.893666684627533, 0.893916666507721, 0.8949333429336548, 0.8934333324432373, 0.8964333534240723], "loss": [2.1010823249816895, 1.5691767930984497, 1.255600929260254, 1.083158254623413, 0.970549464225769, 0.8916805386543274, 0.8359142541885376, 0.7800673842430115, 0.738891065120697, 0.7041275501251221, 0.6728582978248596, 0.6468297243118286, 0.628638505935669, 0.6102921962738037, 0.5908088684082031, 0.5762796998023987, 0.562110424041748, 0.5446841716766357, 0.534577488899231, 0.5263099670410156, 0.517606794834137, 0.5034822821617126, 0.5028729438781738, 0.4918416142463684, 0.4819463789463043, 0.47910138964653015, 0.46735328435897827, 0.4595600366592407, 0.4544205963611603, 0.44859153032302856, 0.44981518387794495, 0.4325374662876129, 0.435813307762146, 0.42990925908088684, 0.42355602979660034, 0.41754522919654846, 0.4162813723087311, 0.4133036136627197, 0.40825051069259644, 0.4025863707065582, 0.4014226794242859, 0.39225566387176514, 0.3974408209323883, 0.38721802830696106, 0.38400736451148987, 0.3779579997062683, 0.3806104362010956, 0.37604016065597534, 0.3762453496456146, 0.36974987387657166], "val_acc": [0.684499979019165, 0.7807000279426575, 0.8259000182151794, 0.8482999801635742, 0.8633999824523926, 0.8769999742507935, 0.8834999799728394, 0.8901000022888184, 0.8952999711036682, 0.8982999920845032, 0.9010000228881836, 0.904699981212616, 0.9078999757766724, 0.9099000096321106, 0.911899983882904, 0.9132000207901001, 0.9139999747276306, 0.9156000018119812, 0.9180999994277954, 0.9190000295639038, 0.9199000000953674, 0.921500027179718, 0.9229000210762024, 0.923799991607666, 0.9243000149726868, 0.9247999787330627, 0.9254999756813049, 0.926800012588501, 0.927299976348877, 0.9277999997138977, 0.9297000169754028, 0.9309999942779541, 0.9315999746322632, 0.9316999912261963, 0.9325000047683716, 0.9332000017166138, 0.9333999752998352, 0.9340000152587891, 0.9341999888420105, 0.9348999857902527, 0.9351000189781189, 0.9350000023841858, 0.9358000159263611, 0.9368000030517578, 0.9376000165939331, 0.9376999735832214, 0.9380999803543091, 0.9384999871253967, 0.9390000104904175, 0.9394000172615051], "val_loss": [1.5374939441680908, 0.9553648233413696, 0.729392409324646, 0.6143907308578491, 0.5406489372253418, 0.48857057094573975, 0.4512472152709961, 0.4225196838378906, 0.39633482694625854, 0.37748292088508606, 0.362460732460022, 0.3490792512893677, 0.33813321590423584, 0.3271448612213135, 0.31861385703086853, 0.31089863181114197, 0.30292484164237976, 0.29653263092041016, 0.29146116971969604, 0.28610703349113464, 0.2808245122432709, 0.2753700613975525, 0.27135804295539856, 0.26692071557044983, 0.2630201578140259, 0.25956591963768005, 0.25655537843704224, 0.25349321961402893, 0.24996113777160645, 0.24756941199302673, 0.24458271265029907, 0.24139919877052307, 0.23909898102283478, 0.23731565475463867, 0.23439504206180573, 0.23259741067886353, 0.23037084937095642, 0.22800543904304504, 0.22612151503562927, 0.22396834194660187, 0.22211776673793793, 0.22044004499912262, 0.21879377961158752, 0.21746978163719177, 0.2156839668750763, 0.21409565210342407, 0.21257665753364563, 0.2109546661376953, 0.20971477031707764, 0.20810304582118988]}